{"data":{"dd":{"warm_results":[],"warm_over_results":[],"cold_results":[],"cold_over_results":[],"warm_worker_duration_ms":[],"cold_worker_duration_ms":[],"warm_invoke_duration_ms":[],"cold_invoke_duration_ms":[]},"model_training":{"warm_results":[],"warm_over_results":[],"cold_results":[],"cold_over_results":[],"warm_worker_duration_ms":[],"cold_worker_duration_ms":[],"warm_invoke_duration_ms":[],"cold_invoke_duration_ms":[]},"hello":{"warm_results":[],"warm_over_results":[],"cold_results":[],"cold_over_results":[],"warm_worker_duration_ms":[],"cold_worker_duration_ms":[],"warm_invoke_duration_ms":[],"cold_invoke_duration_ms":[]},"chameleon":{"warm_results":[44.0,39.0,49.0,46.0,47.0,44.0,46.0,44.0,42.0,38.0,41.0,40.0,42.0,40.0,46.0,47.0,47.0,45.0,43.0,41.0,45.0,43.0,41.0,44.0,42.0,43.0,43.0,42.0,45.0],"warm_over_results":[25.19974136352539,26.584590911865234,30.229066848754883,29.003854751586914,30.58321189880371,27.176231384277344,26.948448181152344,27.623743057250977,30.93594741821289,26.15178871154785,26.36992073059082,24.975337982177734,26.23027992248535,23.27326774597168,29.63471031188965,30.403682708740234,30.2761287689209,28.920574188232422,26.042240142822266,25.429121017456055,27.11193084716797,26.432531356811523,25.363555908203125,27.90936851501465,23.26363754272461,29.5872859954834,25.625722885131836,26.096288681030273,29.93504524230957],"cold_results":[484.0,456.0,468.0,465.0,455.0,469.0,435.0,471.0,418.0,444.0],"cold_over_results":[472.1150722503662,444.3718490600586,454.1166477203369,453.60788345336914,442.9176616668701,456.16211318969727,424.6409511566162,459.71541023254395,402.51924324035645,433.776611328125],"warm_worker_duration_ms":[35,30,39,34,35,34,36,33,30,26,32,30,33,31,36,36,35,34,33,31,34,33,31,35,34,33,33,32,34],"cold_worker_duration_ms":[136,143,124,130,126,123,125,131,110,116],"warm_invoke_duration_ms":[44,39,49,46,47,44,46,44,42,38,41,40,42,40,46,47,47,45,43,41,45,43,41,44,42,43,43,42,45],"cold_invoke_duration_ms":[484,456,468,465,455,469,435,471,418,444]},"json_dumps_loads":{"warm_results":[100.0,875.0,83.0,365.0,96.0,79.0,335.0,77.0,187.0,87.0,332.0,158.0,156.0,158.0,336.0,154.0,721.0,330.0,107.0,163.0,952.0,778.0,81.0,155.0,164.0,123.0,744.0,79.0,76.0,78.0],"warm_over_results":[24.69310760498047,28.63597869873047,23.044164657592773,26.8497371673584,26.025577545166016,28.26691055297851,23.729047775268555,26.056386947631843,24.134122848510742,25.980817794799805,25.701505661010742,26.305206298828125,23.529869079589844,26.923425674438477,27.929340362548828,22.13807487487793,27.97774887084961,23.01128387451172,29.888994216918945,29.99366569519043,24.647809982299805,26.624563217163086,28.583436965942383,23.485689163208008,29.662574768066406,26.834819793701158,25.77499771118164,27.3339786529541,25.222803115844727,26.267698287963867],"cold_results":[616.0,583.0,1192.0,526.0,525.0,590.0,624.0,10532.0,537.0,589.0],"cold_over_results":[485.20762062072754,480.9008197784424,442.7476806640625,453.5972843170166,456.2002658843994,507.2501564025879,488.6278381347656,10439.959699630737,461.2100715637207,504.20237922668457],"warm_worker_duration_ms":[91,864,74,354,85,69,324,67,177,77,322,148,148,147,325,145,710,320,96,152,943,768,71,145,153,112,733,68,66,68],"cold_worker_duration_ms":[232,202,827,161,157,192,249,109,183,194],"warm_invoke_duration_ms":[100,875,83,365,96,79,335,77,187,87,332,158,156,158,336,154,721,330,107,163,952,778,81,155,164,123,744,79,76,78],"cold_invoke_duration_ms":[616,583,1192,526,525,590,624,10532,537,589]},"lin_pack":{"warm_results":[],"warm_over_results":[],"cold_results":[],"cold_over_results":[],"warm_worker_duration_ms":[],"cold_worker_duration_ms":[],"warm_invoke_duration_ms":[],"cold_invoke_duration_ms":[]},"cnn_image_classification":{"warm_results":[],"warm_over_results":[],"cold_results":[],"cold_over_results":[],"warm_worker_duration_ms":[],"cold_worker_duration_ms":[],"warm_invoke_duration_ms":[],"cold_invoke_duration_ms":[]},"image_processing":{"warm_results":[],"warm_over_results":[],"cold_results":[],"cold_over_results":[],"warm_worker_duration_ms":[],"cold_worker_duration_ms":[],"warm_invoke_duration_ms":[],"cold_invoke_duration_ms":[]},"gzip_compression":{"warm_results":[],"warm_over_results":[],"cold_results":[],"cold_over_results":[],"warm_worker_duration_ms":[],"cold_worker_duration_ms":[],"warm_invoke_duration_ms":[],"cold_invoke_duration_ms":[]},"float_operation":{"warm_results":[],"warm_over_results":[],"cold_results":[],"cold_over_results":[],"warm_worker_duration_ms":[],"cold_worker_duration_ms":[],"warm_invoke_duration_ms":[],"cold_invoke_duration_ms":[]},"pyaes":{"warm_results":[],"warm_over_results":[],"cold_results":[],"cold_over_results":[],"warm_worker_duration_ms":[],"cold_worker_duration_ms":[],"warm_invoke_duration_ms":[],"cold_invoke_duration_ms":[]},"video_processing":{"warm_results":[6531.0,6418.0,6449.0,6563.0,6706.0,6592.0],"warm_over_results":[24.825912475585938,28.364675521850586,27.152894973754883,29.005325317382812,23.22283363342285,23.640625],"cold_results":[7298.0,7077.0],"cold_over_results":[664.7187690734863,517.4590129852295],"warm_worker_duration_ms":[6522,6406,6438,6552,6697,6583],"cold_worker_duration_ms":[6956,6761],"warm_invoke_duration_ms":[6531,6418,6449,6563,6706,6592],"cold_invoke_duration_ms":[7298,7077]}}}