{"data":{"video_processing":{"function_name":"video_processing","image_name":"docker.io/alfuerst/video_processing-iluvatar-action:latest","resource_data":{"CPU":{"warm_results_sec":[5.6303417682647705,5.480220556259155],"warm_over_results_us":[2113.231735229492,2045.4437408447266],"cold_results_sec":[5.820655345916748],"cold_over_results_us":[831440.654083252],"warm_worker_duration_us":[5631741,5481571],"cold_worker_duration_us":[6314795],"warm_invoke_duration_us":[5632455,5482266],"cold_invoke_duration_us":[6652096]}}},"squeezenet":{"function_name":"squeezenet","image_name":"docker.io/alfuerst/tf_squeezenet-iluvatar-gpu:latest","resource_data":{"CPU":{"warm_results_sec":[1.4097042083740234,1.0759224891662598],"warm_over_results_us":[2007.7916259765625,1794.5108337402344],"cold_results_sec":[1.88102126121521],"cold_over_results_us":[2939251.73878479],"warm_worker_duration_us":[1410989,1077010],"cold_worker_duration_us":[4492238],"warm_invoke_duration_us":[1411712,1077717],"cold_invoke_duration_us":[4820273]}}},"lin_pack":{"function_name":"lin_pack","image_name":"docker.io/alfuerst/lin_pack-iluvatar-action:latest","resource_data":{"CPU":{"warm_results_sec":[0.00010395050048828124,0.00008940696716308594],"warm_over_results_us":[1443.0494995117188,1157.593032836914],"cold_results_sec":[0.0006046295166015625],"cold_over_results_us":[1250886.3704833984],"warm_worker_duration_us":[843,776],"cold_worker_duration_us":[846349],"warm_invoke_duration_us":[1547,1247],"cold_invoke_duration_us":[1251491]}}},"model_training":{"function_name":"model_training","image_name":"docker.io/alfuerst/model_training-iluvatar-action:latest","resource_data":{"CPU":{"warm_results_sec":[7.119429111480713,6.845937013626099],"warm_over_results_us":[9424.88851928711,8964.986373901367],"cold_results_sec":[6.96051549911499],"cold_over_results_us":[1169254.5008850098],"warm_worker_duration_us":[7128115,6854139],"cold_worker_duration_us":[7779905],"warm_invoke_duration_us":[7128854,6854902],"cold_invoke_duration_us":[8129770]}}},"float_operation":{"function_name":"float_operation","image_name":"docker.io/alfuerst/float_operation-iluvatar-action:latest","resource_data":{"CPU":{"warm_results_sec":[0.000012874603271484377,0.000012636184692382812],"warm_over_results_us":[1303.1253967285156,1086.3638153076172],"cold_results_sec":[0.0001068115234375],"cold_over_results_us":[558870.1884765625],"warm_worker_duration_us":[727,661],"cold_worker_duration_us":[106902],"warm_invoke_duration_us":[1316,1099],"cold_invoke_duration_us":[558977]}}},"hello":{"function_name":"hello","image_name":"docker.io/alfuerst/hello-iluvatar-action:latest","resource_data":{"CPU":{"warm_results_sec":[4.76837158203125e-7,1.6689300537109375e-6],"warm_over_results_us":[1075.5231628417969,1695.331069946289],"cold_results_sec":[7.152557373046875e-7],"cold_over_results_us":[567471.2847442627],"warm_worker_duration_us":[635,1264],"cold_worker_duration_us":[104816],"warm_invoke_duration_us":[1076,1697],"cold_invoke_duration_us":[567472]}}},"pyaes":{"function_name":"pyaes","image_name":"docker.io/alfuerst/pyaes-iluvatar-action:latest","resource_data":{"CPU":{"warm_results_sec":[0.376816987991333,0.36528730392456055],"warm_over_results_us":[1709.0120086669922,1641.6960754394531],"cold_results_sec":[0.38108301162719727],"cold_over_results_us":[465285.98837280273],"warm_worker_duration_us":[377881,366269],"cold_worker_duration_us":[493068],"warm_invoke_duration_us":[378526,366929],"cold_invoke_duration_us":[846369]}}},"gzip_compression":{"function_name":"gzip_compression","image_name":"docker.io/alfuerst/gzip_compression-iluvatar-action:latest","resource_data":{"CPU":{"warm_results_sec":[0.20330452919006348,0.19294428825378415],"warm_over_results_us":[1657.4708099365234,1557.7117462158494],"cold_results_sec":[0.2125380039215088],"cold_over_results_us":[564111.9960784912],"warm_worker_duration_us":[204252,193898],"cold_worker_duration_us":[324016],"warm_invoke_duration_us":[204962,194502],"cold_invoke_duration_us":[776650]}}},"chameleon":{"function_name":"chameleon","image_name":"docker.io/alfuerst/chameleon-iluvatar-action:latest","resource_data":{"CPU":{"warm_results_sec":[0.016930341720581055,0.01901698112487793],"warm_over_results_us":[2108.6582794189453,2518.0188751220703],"cold_results_sec":[0.013184309005737305],"cold_over_results_us":[454983.6909942627],"warm_worker_duration_us":[18322,20760],"cold_worker_duration_us":[138904],"warm_invoke_duration_us":[19039,21535],"cold_invoke_duration_us":[468168]}}},"dd":{"function_name":"dd","image_name":"docker.io/alfuerst/dd-iluvatar-action:latest","resource_data":{"CPU":{"warm_results_sec":[0.06228208541870117,0.06681370735168457],"warm_over_results_us":[1945.9145812988281,1934.2926483154297],"cold_results_sec":[0.056681156158447266],"cold_over_results_us":[530292.8438415527],"warm_worker_duration_us":[63514,68059],"cold_worker_duration_us":[154058],"warm_invoke_duration_us":[64228,68748],"cold_invoke_duration_us":[586974]}}},"imagenet":{"function_name":"imagenet","image_name":"docker.io/alfuerst/tf_imagenet-iluvatar-gpu:latest","resource_data":{"CPU":{"warm_results_sec":[8.953425884246826,7.952651500701904],"warm_over_results_us":[112626.11575317383,106615.4992980957],"cold_results_sec":[4.406259536743164],"cold_over_results_us":[5384262.463256836],"warm_worker_duration_us":[9065208,8058360],"cold_worker_duration_us":[9435224],"warm_invoke_duration_us":[9066052,8059267],"cold_invoke_duration_us":[9790522]}}},"json_dumps_loads":{"function_name":"json_dumps_loads","image_name":"docker.io/alfuerst/json_dumps_loads-iluvatar-action:latest","resource_data":{"CPU":{"warm_results_sec":[0.1370370388031006,1.000786304473877],"warm_over_results_us":[1707.961196899385,2435.695526123047],"cold_results_sec":[0.19022679328918457],"cold_over_results_us":[550615.2067108154],"warm_worker_duration_us":[138033,1002569],"cold_worker_duration_us":[286681],"warm_invoke_duration_us":[138745,1003222],"cold_invoke_duration_us":[740842]}}},"torch_rnn":{"function_name":"torch_rnn","image_name":"docker.io/alfuerst/rnn_generate_character_level-iluvatar-gpu:latest","resource_data":{"CPU":{"warm_results_sec":[0.01546931266784668,0.013372421264648438],"warm_over_results_us":[1840.6873321533203,1490.5787353515625],"cold_results_sec":[0.4491710662841797],"cold_over_results_us":[2176282.9337158203],"warm_worker_duration_us":[16613,14290],"cold_worker_duration_us":[2215570],"warm_invoke_duration_us":[17310,14863],"cold_invoke_duration_us":[2625454]}}},"cnn_image_classification":{"function_name":"cnn_image_classification","image_name":"docker.io/alfuerst/cnn_image_classification-iluvatar-action:latest","resource_data":{"CPU":{"warm_results_sec":[0.9660117626190186,1.0367164611816406],"warm_over_results_us":[2127.2373809814453,2081.538818359375],"cold_results_sec":[2.0587754249572754],"cold_over_results_us":[3458781.5750427246],"warm_worker_duration_us":[967482,1038161],"cold_worker_duration_us":[5122177],"warm_invoke_duration_us":[968139,1038798],"cold_invoke_duration_us":[5517557]}}},"image_processing":{"function_name":"image_processing","image_name":"docker.io/alfuerst/image_processing-iluvatar-action:latest","resource_data":{"CPU":{"warm_results_sec":[1.7886390686035156,1.722925901412964],"warm_over_results_us":[2196.931396484375,1522.0985870359],"cold_results_sec":[2.0499587059020996],"cold_over_results_us":[458418.2940979004],"warm_worker_duration_us":[1790078,1723777],"cold_worker_duration_us":[2164180],"warm_invoke_duration_us":[1790836,1724448],"cold_invoke_duration_us":[2508377]}}}}}